gene,outgroup,mu,alpha,kappa,T,C,A,G
C1V2,PIC55751,0.0000356,0.4294,6.9801,0.25919,0.17636,0.35322,0.21123
nef,PIC55751,0.0000134,0.4878,8.9138,0.19853,0.21240,0.30641,0.28265
p17,PIC55751,0.0000089,0.5306,10.6361,0.17175,0.18392,0.39393,0.25040
tat,PIC55751,0.0000099,0.7283,7.1751,0.25689,0.21021,0.29841,0.23449
